image_id, ttc
0,nan
1,12.972159
2,12.264038
3,13.916132
4,7.115722
5,16.251088
6,12.421338
7,34.340420
8,9.343759
9,18.131756
10,18.031756
11,3.832443
12,-10.853745
13,9.223069
14,10.967763
15,8.094218
16,3.175354
17,-9.994236
18,8.309779
